ipl_year,match_id,over_ball,bowler,batter,batter_hand,commentary
2024,999001,0.1,Bowler A,Batter X,RHB,full toss outside off and driven through covers
2024,999001,0.2,Bowler A,Batter X,RHB,good length on off stump defended
2024,999001,0.3,Bowler A,Batter X,RHB,back of a length on leg stump tucked away
2024,999001,0.4,Bowler A,Batter X,RHB,yorker outside off dug out
2024,999001,0.5,Bowler A,Batter X,RHB,short ball down leg pulled
2024,999001,0.6,Bowler A,Batter X,RHB,pitched up on middle clipped
2024,999001,1.1,Bowler B,Batter Y,LHB,good length outside off punches to cover
2024,999001,1.2,Bowler B,Batter Y,LHB,yorker on leg stump dug out
2024,999001,1.3,Bowler B,Batter Y,LHB,full toss on off stump lofted
